{
  "center_kpc": [
    -0.6735883509906095,
    -1.8409559730590317,
    1.3604011156422429
  ],
  "basis_rows": [
    [
      -0.06981786507520202,
      0.9975597554614666,
      0.0
    ],
    [
      -0.69232072371567,
      -0.04845459594025692,
      0.7199612264879807
    ],
    [
      0.7182043450370875,
      0.0502661557703148,
      0.6940142882923396
    ]
  ]
}