{
  "center_kpc": [
    -0.8628606289005462,
    1.7528722494992677,
    0.6958121088657053
  ],
  "basis_rows": [
    [
      0.0,
      -0.9999733321255977,
      -0.007303084117624312
    ],
    [
      0.9662812688939789,
      0.001880462752318734,
      -0.2574819862523963
    ],
    [
      0.25748885293278634,
      -0.007056833388017485,
      0.9662555002264628
    ]
  ]
}